{  "name": "Fan Link",  "version": "0.0.0",  "description": "",  "title": "Fan Link",  "url": "https://fan.link",  "template": {    "withCompare": false  },  "header": {    "title": "Introduction",    "content": "<h2 id=\"std-param\">Standard Headers</h2>\n<p>All API calls should contain an Accept header in the form <code>application/vnd.api.v1+json</code></p>\n<p>Current valid version number(s): 1</p>\n<h2 id=\"std-errors\">Error Handling</h2>\n<p>Error responses will use the appropriate 4xx HTTP error codes. All\nerrors come with a standard JSON response:</p>\n<pre><code>{\n  &quot;errors&quot;: [\n    // Error message strings...\n  ]\n}\n</code></pre>\n"  },  "sampleUrl": false,  "defaultVersion": "0.0.0",  "apidoc": "0.3.0",  "generator": {    "name": "apidoc",    "time": "2018-01-04T23:10:58.724Z",    "url": "http://apidocjs.com",    "version": "0.17.5"  }}
